param_name,S1,S1_conf,ST,ST_conf
T_oa,0.003942085955508675,0.013101762363456226,0.005712676043440912,0.0010489884875419526
RH_oa,0.000418327086649631,0.004214430129114388,0.0007464786461031215,0.00019037737248055265
P_atm,1.0185042166405846e-05,0.0002149948734701424,1.4030101902221321e-06,4.1805580621996626e-07
UPS_e,0.04659828835246994,0.0376420047690566,0.053819139569341076,0.009908379105987786
PD_lr,-0.0013816412177374623,0.010339372032018878,0.0022018735286440895,0.0003557889363912058
L_percentage,-1.296704807657681e-05,0.0007337694118841388,2.079995397567387e-05,3.7005008423067575e-06
SHR,0.006757883410621434,0.01432178394786409,0.006790318359266888,0.0011171048343014025
delta_T_air,0.0,0.0,0.0,0.0
Fan_Pressure_CRAC,0.0,0.0,0.0,0.0
Fan_e_CRAC,0.0,0.0,0.0,0.0
Pump_Pressure_HD,0.0,0.0,0.0,0.0
Pump_e_HD,0.0,0.0,0.0,0.0
HTE,0.0,0.0,0.0,0.0
delta_T_water,0.0,0.0,0.0,0.0
AT_CT,0.0002278642475395882,0.0012242249367342174,5.106781653674112e-05,9.184474093932676e-06
AT_HE,0.0,0.0,0.0,0.0
Pump_Pressure_WE,0.0,0.0,0.0,0.0
Pump_e_WE,0.0,0.0,0.0,0.0
Pump_Pressure_CW,0.0,0.0,0.0,0.0
Pump_e_CW,0.0,0.0,0.0,0.0
Chiller_load,0.0,0.0,0.0,0.0
delta_T_CT,0.05041778977246944,0.039692087725786036,0.059932043508155806,0.015962063161855326
Pump_Pressure_CT,0.0,0.0,0.0,0.0
Pump_e_CT,0.0,0.0,0.0,0.0
Windage_p,0.6795039093852252,0.12837218419330268,0.7843531801057467,0.12708539305652786
CC,0.1156778235244643,0.06780380800374768,0.1495208087286211,0.05203025657608923
LGRatio,0.0,0.0,0.0,0.0
Fan_Pressure_CT,0.0,0.0,0.0,0.0
Fan_e_CT,0.0,0.0,0.0,0.0
T_up,0.0,0.0,0.0,0.0
T_lw,0.0,0.0,0.0,0.0
dp_up,0.0,0.0,0.0,0.0
dp_lw,0.0,0.0,0.0,0.0
RH_up,0.0,0.0,0.0,0.0
RH_lw,0.0,0.0,0.0,0.0
pcop,0.0,0.0,0.0,0.0
